Run,Algorithm,Map,Success,Path_Length,Completion_Time,Expanded_Nodes,Collected_Coins,Remaining_Blood
1,Breadth-First Search,Map 1,1,194.0,19.32042932510376,6,3,95
2,Breadth-First Search,Map 1,1,194.0,19.507269144058228,6,3,95
3,Breadth-First Search,Map 1,0,82.0,8.251069784164429,557,2,95
4,Breadth-First Search,Map 1,1,194.0,19.50899624824524,6,3,95
5,Breadth-First Search,Map 1,1,146.0,14.675755500793455,6,2,95
6,Breadth-First Search,Map 1,1,194.0,19.5100417137146,6,3,95
7,Breadth-First Search,Map 1,0,170.0,17.101802825927734,623,2,95
8,Breadth-First Search,Map 1,1,124.0,12.474438905715942,6,2,95
9,Breadth-First Search,Map 1,1,124.0,12.465887784957886,6,2,95
10,Breadth-First Search,Map 1,0,82.0,8.248355627059937,557,2,95
1,Breadth-First Search,Map 2,1,195.0,19.42934513092041,7,3,85
2,Breadth-First Search,Map 2,1,121.0,12.168896913528442,7,2,95
3,Breadth-First Search,Map 2,1,121.0,12.1644389629364,7,2,95
4,Breadth-First Search,Map 2,1,121.0,12.169084310531616,7,2,95
5,Breadth-First Search,Map 2,0,161.0,16.190863847732544,408,3,90
6,Breadth-First Search,Map 2,1,195.0,19.605574131011963,7,3,85
7,Breadth-First Search,Map 2,0,112.0,11.260071039199827,115,2,95
8,Breadth-First Search,Map 2,1,145.0,14.585403442382812,7,2,95
9,Breadth-First Search,Map 2,1,195.0,19.596811771392822,7,3,85
10,Breadth-First Search,Map 2,1,195.0,19.60308837890625,7,3,85
1,Breadth-First Search,Map 3,1,108.0,10.673293352127075,7,1,90
2,Breadth-First Search,Map 3,1,150.0,15.088952779769896,7,2,80
3,Breadth-First Search,Map 3,1,108.0,10.857571363449097,7,1,90
4,Breadth-First Search,Map 3,1,116.0,11.66598105430603,7,1,90
5,Breadth-First Search,Map 3,1,102.0,10.254326105117798,7,1,90
6,Breadth-First Search,Map 3,1,142.0,14.282713174819946,7,2,80
7,Breadth-First Search,Map 3,1,168.0,16.88669490814209,7,3,80
8,Breadth-First Search,Map 3,1,84.0,8.44611930847168,7,1,95
9,Breadth-First Search,Map 3,1,168.0,16.894033908843994,7,3,80
10,Breadth-First Search,Map 3,1,168.0,16.887824535369873,7,3,80
1,Breadth-First Search,Map 4,1,175.0,17.40503692626953,8,3,95
2,Breadth-First Search,Map 4,1,277.0,27.84297752380371,8,3,90
3,Breadth-First Search,Map 4,1,175.0,17.596896171569824,8,3,95
4,Breadth-First Search,Map 4,1,99.0,9.955679178237917,8,2,100
5,Breadth-First Search,Map 4,1,97.0,9.75803565979004,8,2,100
6,Breadth-First Search,Map 4,1,97.0,9.761669635772703,8,2,100
7,Breadth-First Search,Map 4,0,237.0,23.836925745010376,701,3,90
8,Breadth-First Search,Map 4,1,175.0,17.600999116897583,8,3,95
9,Breadth-First Search,Map 4,1,97.0,9.759149074554443,8,2,100
10,Breadth-First Search,Map 4,1,113.0,11.362082958221436,8,2,100
1,Breadth-First Search,Map 5,1,106.0,10.474915266036987,6,1,85
2,Breadth-First Search,Map 5,1,214.0,21.5269832611084,6,3,80
3,Breadth-First Search,Map 5,1,118.0,11.879318475723268,6,1,85
4,Breadth-First Search,Map 5,1,106.0,10.655987739562988,6,1,85
5,Breadth-First Search,Map 5,0,166.0,16.70392107963562,523,2,85
6,Breadth-First Search,Map 5,1,106.0,10.654928922653198,6,1,85
7,Breadth-First Search,Map 5,0,141.0,14.185262680053713,374,1,85
8,Breadth-First Search,Map 5,0,125.0,12.57052516937256,374,1,85
9,Breadth-First Search,Map 5,0,130.0,13.06998348236084,374,1,85
10,Breadth-First Search,Map 5,0,125.0,12.58221173286438,374,1,85
1,Breadth-First Search,Map 6,0,120.0,11.877888202667236,590,2,95
2,Breadth-First Search,Map 6,1,103.0,10.355526208877563,7,1,95
3,Breadth-First Search,Map 6,1,103.0,10.35666799545288,7,1,95
4,Breadth-First Search,Map 6,1,193.0,19.4100661277771,7,3,85
5,Breadth-First Search,Map 6,1,103.0,10.360570907592772,7,1,95
6,Breadth-First Search,Map 6,1,193.0,19.397209405899048,7,3,85
7,Breadth-First Search,Map 6,0,112.0,11.27197289466858,590,1,95
8,Breadth-First Search,Map 6,0,112.0,11.27666974067688,590,1,95
9,Breadth-First Search,Map 6,0,112.0,11.268381118774414,590,1,95
10,Breadth-First Search,Map 6,1,105.0,10.558105945587158,7,1,95
1,Breadth-First Search,Map 7,1,72.0,7.060096502304077,2,1,80
2,Breadth-First Search,Map 7,1,72.0,7.254549980163574,2,1,80
3,Breadth-First Search,Map 7,1,72.0,7.241739273071289,2,1,80
4,Breadth-First Search,Map 7,1,146.0,14.703928470611572,2,3,80
5,Breadth-First Search,Map 7,1,72.0,7.286871194839477,2,1,80
6,Breadth-First Search,Map 7,1,72.0,7.239345788955688,2,1,80
7,Breadth-First Search,Map 7,1,72.0,7.245521068572998,2,1,80
8,Breadth-First Search,Map 7,0,126.0,12.683969259262083,335,3,80
9,Breadth-First Search,Map 7,0,64.0,6.433398246765137,396,2,80
10,Breadth-First Search,Map 7,1,72.0,7.238268136978149,2,1,80
1,Breadth-First Search,Map 8,1,314.0,31.398646354675293,7,3,90
2,Breadth-First Search,Map 8,1,86.0,8.655545711517334,7,0,100
3,Breadth-First Search,Map 8,0,147.0,14.792144536972046,403,2,90
4,Breadth-First Search,Map 8,1,86.0,8.644404649734497,7,0,100
5,Breadth-First Search,Map 8,1,216.0,21.734489917755127,7,3,90
6,Breadth-First Search,Map 8,1,90.0,9.05202341079712,7,0,100
7,Breadth-First Search,Map 8,1,318.0,31.97773790359497,7,3,90
8,Breadth-First Search,Map 8,0,156.0,15.689990997314451,453,1,90
9,Breadth-First Search,Map 8,1,90.0,9.05239200592041,7,0,100
10,Breadth-First Search,Map 8,1,216.0,21.73154020309448,7,3,90
1,Breadth-First Search,Map 9,1,89.0,8.767831087112427,8,1,95
2,Breadth-First Search,Map 9,1,89.0,8.950428485870361,8,1,95
3,Breadth-First Search,Map 9,1,89.0,8.953757762908936,8,1,95
4,Breadth-First Search,Map 9,1,155.0,15.586397409439089,8,3,90
5,Breadth-First Search,Map 9,1,93.0,9.36807131767273,8,1,95
6,Breadth-First Search,Map 9,0,128.0,12.90393328666687,520,2,90
7,Breadth-First Search,Map 9,1,155.0,15.577390670776367,8,3,90
8,Breadth-First Search,Map 9,1,89.0,8.946406126022339,8,1,95
9,Breadth-First Search,Map 9,1,155.0,15.645041704177856,8,3,90
10,Breadth-First Search,Map 9,1,155.0,15.594478368759155,8,3,90
1,A* Search,Map 1,1,198.0,19.73555970191956,3,3,100
2,A* Search,Map 1,0,149.0,15.004609823226929,308,3,100
3,A* Search,Map 1,0,176.0,17.718254566192627,571,2,100
4,A* Search,Map 1,0,170.0,17.129606008529663,577,2,100
5,A* Search,Map 1,0,170.0,17.145497798919678,577,2,100
6,A* Search,Map 1,1,124.0,12.480989933013916,3,2,100
7,A* Search,Map 1,1,198.0,19.94007706642151,3,3,100
8,A* Search,Map 1,1,124.0,12.476951837539673,3,2,100
9,A* Search,Map 1,1,124.0,12.475316762924194,3,2,100
10,A* Search,Map 1,1,128.0,12.8793785572052,3,2,100
1,A* Search,Map 2,1,195.0,19.440503120422363,3,3,80
2,A* Search,Map 2,0,97.0,9.748047351837158,152,2,95
3,A* Search,Map 2,1,195.0,19.617637157440186,3,3,80
4,A* Search,Map 2,1,195.0,19.606130599975582,3,3,80
5,A* Search,Map 2,0,97.0,9.75683045387268,152,2,95
6,A* Search,Map 2,1,153.0,15.420203685760498,3,2,80
7,A* Search,Map 2,0,106.0,10.657821416854858,110,2,95
8,A* Search,Map 2,1,143.0,14.387632131576538,3,2,90
9,A* Search,Map 2,1,157.0,15.795044660568236,3,2,80
10,A* Search,Map 2,1,195.0,19.63528060913086,3,3,80
1,A* Search,Map 3,1,132.0,13.109695434570312,3,2,85
2,A* Search,Map 3,1,82.0,8.250984191894531,3,0,95
3,A* Search,Map 3,1,82.0,8.251285314559937,3,0,95
4,A* Search,Map 3,1,38.0,3.828195810317993,3,0,95
5,A* Search,Map 3,1,38.0,3.824936628341675,3,0,95
6,A* Search,Map 3,1,82.0,8.248893976211548,3,0,95
7,A* Search,Map 3,1,58.0,5.8344457149505615,3,0,95
8,A* Search,Map 3,1,76.0,7.671785116195679,3,0,95
9,A* Search,Map 3,1,82.0,8.245344400405884,3,0,95
10,A* Search,Map 3,1,50.0,5.0361008644104,3,0,95
1,A* Search,Map 4,1,127.0,12.594192028045654,4,2,100
2,A* Search,Map 4,0,84.0,8.45134425163269,105,2,100
3,A* Search,Map 4,1,145.0,14.59708857536316,4,2,100
4,A* Search,Map 4,0,163.0,16.42616558074951,671,2,100
5,A* Search,Map 4,1,107.0,10.75855803489685,4,2,100
6,A* Search,Map 4,1,145.0,14.60537576675415,4,2,100
7,A* Search,Map 4,0,138.0,13.88479781150818,136,3,90
8,A* Search,Map 4,0,92.0,9.262723922729492,134,2,100
9,A* Search,Map 4,1,143.0,14.375269412994385,4,2,100
10,A* Search,Map 4,0,95.0,9.583365440368652,143,2,100
1,A* Search,Map 5,1,232.0,23.156436443328857,3,3,95
2,A* Search,Map 5,1,106.0,10.664001941680908,3,1,95
3,A* Search,Map 5,1,106.0,10.67741060256958,3,1,95
4,A* Search,Map 5,0,160.0,16.12232255935669,427,2,95
5,A* Search,Map 5,1,106.0,10.700971364974976,3,1,95
6,A* Search,Map 5,0,128.0,12.88856053352356,296,1,95
7,A* Search,Map 5,1,106.0,10.664146423339844,3,1,95
8,A* Search,Map 5,1,106.0,10.674407720565796,3,1,95
9,A* Search,Map 5,1,106.0,10.67497944831848,3,1,95
10,A* Search,Map 5,0,169.0,17.030237197875977,305,2,95
1,A* Search,Map 6,1,99.0,9.768433570861816,3,1,100
1,A* Search,Map 6,1,99.0,9.768433570861816,3,1,100
2,A* Search,Map 6,1,99.0,9.768433570861816,3,1,100
3,A* Search,Map 6,1,99.0,9.768433570861816,3,1,100
4,A* Search,Map 6,1,99.0,9.768433570861816,3,1,100
5,A* Search,Map 6,1,99.0,9.768433570861816,3,1,100
6,A* Search,Map 6,1,99.0,9.768433570861816,3,1,100
7,A* Search,Map 6,1,99.0,9.768433570861816,3,1,100
8,A* Search,Map 6,1,99.0,9.768433570861816,3,1,100
9,A* Search,Map 6,1,99.0,9.768433570861816,3,1,100
1,A* Search,Map 7,1,68.0,6.657195568084717,4,1,95
1,A* Search,Map 7,1,68.0,6.657195568084717,4,1,95
2,A* Search,Map 7,1,68.0,6.657195568084717,4,1,95
3,A* Search,Map 7,1,68.0,6.657195568084717,4,1,95
4,A* Search,Map 7,1,68.0,6.657195568084717,4,1,95
5,A* Search,Map 7,1,68.0,6.657195568084717,4,1,95
6,A* Search,Map 7,1,68.0,6.657195568084717,4,1,95
7,A* Search,Map 7,1,68.0,6.657195568084717,4,1,95
8,A* Search,Map 7,1,68.0,6.657195568084717,4,1,95
9,A* Search,Map 7,1,68.0,6.657195568084717,4,1,95
1,A* Search,Map 8,0,148.0,14.715554237365724,226,1,100
1,A* Search,Map 8,0,148.0,14.715554237365724,226,1,100
2,A* Search,Map 8,0,148.0,14.715554237365724,226,1,100
3,A* Search,Map 8,0,148.0,14.715554237365724,226,1,100
4,A* Search,Map 8,0,148.0,14.715554237365724,226,1,100
5,A* Search,Map 8,0,148.0,14.715554237365724,226,1,100
6,A* Search,Map 8,0,148.0,14.715554237365724,226,1,100
7,A* Search,Map 8,0,148.0,14.715554237365724,226,1,100
8,A* Search,Map 8,0,148.0,14.715554237365724,226,1,100
9,A* Search,Map 8,0,148.0,14.715554237365724,226,1,100
1,A* Search,Map 9,1,65.0,6.354032754898071,4,1,100
1,A* Search,Map 9,1,65.0,6.354032754898071,4,1,100
2,A* Search,Map 9,1,65.0,6.354032754898071,4,1,100
3,A* Search,Map 9,1,65.0,6.354032754898071,4,1,100
4,A* Search,Map 9,1,65.0,6.354032754898071,4,1,100
5,A* Search,Map 9,1,65.0,6.354032754898071,4,1,100
6,A* Search,Map 9,1,65.0,6.354032754898071,4,1,100
7,A* Search,Map 9,1,65.0,6.354032754898071,4,1,100
8,A* Search,Map 9,1,65.0,6.354032754898071,4,1,100
9,A* Search,Map 9,1,65.0,6.354032754898071,4,1,100
1,Beam Search,Map 1,0,99.0,9.775763511657717,386,3,100
1,Beam Search,Map 1,0,99.0,9.775763511657717,386,3,100
2,Beam Search,Map 1,0,99.0,9.775763511657717,386,3,100
3,Beam Search,Map 1,0,99.0,9.775763511657717,386,3,100
4,Beam Search,Map 1,0,99.0,9.775763511657717,386,3,100
5,Beam Search,Map 1,0,99.0,9.775763511657717,386,3,100
6,Beam Search,Map 1,0,99.0,9.775763511657717,386,3,100
7,Beam Search,Map 1,0,99.0,9.775763511657717,386,3,100
8,Beam Search,Map 1,0,99.0,9.775763511657717,386,3,100
9,Beam Search,Map 1,0,99.0,9.775763511657717,386,3,100
1,Beam Search,Map 2,1,182.94021125634936,12.593130253123741,0,3,85
2,Beam Search,Map 2,1,160.68726184246566,13.086009806591136,313,2,95
3,Beam Search,Map 2,1,118.56408702159416,20.82327176815433,142,2,85
4,Beam Search,Map 2,1,194.1309591222912,14.144047420008544,0,3,85
5,Beam Search,Map 2,0,84.28647236248739,14.51795165977649,0,2,95
6,Beam Search,Map 2,1,131.78387578474448,12.208020087199106,68,2,90
7,Beam Search,Map 2,0,161.07082632290698,13.918613095918648,196,3,90
8,Beam Search,Map 2,1,148.67410403694035,20.33589938965448,0,2,95
9,Beam Search,Map 2,1,164.44241286146806,12.500640999495385,0,3,100
10,Beam Search,Map 2,1,181.03137671298083,13.460576222396272,0,2,85
1,Beam Search,Map 3,1,98.15709987134933,15.356445025851349,4,0,85
2,Beam Search,Map 3,1,197.06550559981085,11.661231798220308,4,0,85
3,Beam Search,Map 3,1,139.2394669453463,14.649294429687577,4,3,85
4,Beam Search,Map 3,1,110.8757062974303,14.066407580447253,4,1,75
5,Beam Search,Map 3,1,150.3528724495863,13.495507149185604,4,1,80
6,Beam Search,Map 3,1,144.2788313434346,9.820072853455851,4,1,75
7,Beam Search,Map 3,1,118.8135775586856,14.34909963454168,4,2,80
8,Beam Search,Map 3,1,138.841958876165,12.502966734841038,4,2,90
9,Beam Search,Map 3,1,68.46966497529056,10.440866139707888,4,1,85
10,Beam Search,Map 3,1,130.9343429452644,7.445842171330528,4,2,95
1,Beam Search,Map 4,1,213.16295237877603,13.106669191579932,395,1,100
2,Beam Search,Map 4,1,127.754677346659,15.500797388873586,0,3,95
3,Beam Search,Map 4,1,29.640767989698475,9.483479608894235,31,2,95
4,Beam Search,Map 4,1,83.86920416789982,13.699168214789047,0,2,95
5,Beam Search,Map 4,1,180.26598802458506,18.269298397646082,381,2,95
6,Beam Search,Map 4,1,83.45703533609611,20.72066888043338,0,3,95
7,Beam Search,Map 4,1,99.56955679269998,6.832207019998084,159,2,95
8,Beam Search,Map 4,1,157.69588187645218,12.299497069453022,0,2,100
9,Beam Search,Map 4,1,194.97558444617925,14.428801592156042,117,2,95
10,Beam Search,Map 4,1,0.0,14.886947171984591,0,2,95
1,Beam Search,Map 5,1,173.53584581240227,16.499259902924347,57,2,85
2,Beam Search,Map 5,0,154.4970668136524,10.17805150106923,210,1,85
3,Beam Search,Map 5,0,102.02273240640982,19.011979365164468,322,1,85
4,Beam Search,Map 5,1,119.57533604523694,12.401157445715324,248,1,85
5,Beam Search,Map 5,0,112.58277735861154,16.46665361698057,0,0,85
6,Beam Search,Map 5,0,110.78341201713253,10.199952113894179,0,0,85
7,Beam Search,Map 5,0,132.70968845656517,7.637660085605742,198,2,85
8,Beam Search,Map 5,1,102.19590438725595,15.267589367370745,0,1,85
9,Beam Search,Map 5,1,107.346262199407,16.593503616631498,37,0,85
10,Beam Search,Map 5,0,117.34347453889654,11.670420168445283,134,0,85
1,Beam Search,Map 6,1,140.72002785375034,17.249970959986655,245,0,90
2,Beam Search,Map 6,1,78.27985407075991,17.089857856504633,0,0,95
3,Beam Search,Map 6,1,139.32918749040593,14.965010736115133,0,0,90
4,Beam Search,Map 6,1,119.7913797655579,15.056243514593875,456,3,85
5,Beam Search,Map 6,1,33.26905525918902,6.777483823268949,0,1,90
6,Beam Search,Map 6,0,107.0638503188486,13.691282560877916,0,1,90
7,Beam Search,Map 6,0,125.55246555402522,8.70966096839088,269,0,90
8,Beam Search,Map 6,1,106.87208415500909,14.140423593486405,374,1,90
9,Beam Search,Map 6,1,132.662334029687,9.71763302938354,82,1,95
10,Beam Search,Map 6,1,81.16135157961149,4.392638358930625,300,1,95
1,Beam Search,Map 7,1,103.37319441112945,9.17864587323953,134,2,80
2,Beam Search,Map 7,1,50.64082400640787,14.386601309172217,113,1,80
3,Beam Search,Map 7,1,72.25451143831623,8.573465538062239,0,2,80
4,Beam Search,Map 7,1,100.38928030058308,9.705270259308815,330,1,80
5,Beam Search,Map 7,1,93.9068188730709,6.4279764281753025,164,1,80
6,Beam Search,Map 7,1,100.64719897205646,8.76498250643824,0,1,80
7,Beam Search,Map 7,1,99.17598014578863,6.395622635226,0,3,80
8,Beam Search,Map 7,1,135.97077922082937,8.54091121722603,259,1,80
9,Beam Search,Map 7,1,56.0477583734248,5.247295701802674,0,1,80
10,Beam Search,Map 7,1,111.97338925681949,9.402370457532184,342,1,80
1,Beam Search,Map 8,1,276.60700083879703,13.926767690516675,75,0,90
2,Beam Search,Map 8,1,151.46702882252137,19.230765815662558,27,0,90
3,Beam Search,Map 8,1,319.27651917098194,24.7137670239768,223,1,100
4,Beam Search,Map 8,1,8.79268840422597,15.992925508585998,0,1,100
5,Beam Search,Map 8,1,301.59466085262034,17.295711117019152,0,1,90
6,Beam Search,Map 8,1,186.89188750377025,0.0,28,4,95
7,Beam Search,Map 8,1,1.1718359642077587,8.651709197425452,431,1,95
8,Beam Search,Map 8,1,143.47167666006158,28.01505577689837,117,0,95
9,Beam Search,Map 8,1,291.3811686919977,27.828989649033637,233,0,90
10,Beam Search,Map 8,1,266.9806161127392,7.377458290467388,0,1,90
1,Beam Search,Map 9,1,118.04188129286007,19.564583938757934,65,1,90
2,Beam Search,Map 9,1,124.03738925613398,11.68543221822678,0,4,95
3,Beam Search,Map 9,1,137.5499879191364,4.255133200216244,99,2,90
4,Beam Search,Map 9,1,108.51988891449369,14.384171719881094,105,3,90
5,Beam Search,Map 9,1,129.51488684883435,4.564287897893439,0,3,90
6,Beam Search,Map 9,1,113.2447066956195,7.523034594617548,62,0,90
7,Beam Search,Map 9,0,93.9118416058281,10.750222207276371,0,2,85
8,Beam Search,Map 9,1,117.62523226594821,16.399958700155793,154,1,90
9,Beam Search,Map 9,1,132.94083341251587,11.994215567623751,246,1,90
10,Beam Search,Map 9,1,153.11031458958195,10.756248349202808,0,2,95
1,partial_observe,Map 1,1,158.6491539063436,19.126312456910796,0,1,85
2,partial_observe,Map 1,1,177.09995512877998,17.452668974152687,0,2,85
3,partial_observe,Map 1,0,197.2584715791595,19.64090631198132,446,3,85
4,partial_observe,Map 1,1,203.69979643962574,19.906851443303847,846,2,85
5,partial_observe,Map 1,0,135.59162634343164,21.837173416688287,19,1,85
6,partial_observe,Map 1,1,197.138602661652,15.29448485316394,0,2,85
7,partial_observe,Map 1,0,277.1287342923107,17.563408095681705,418,2,85
8,partial_observe,Map 1,0,213.17081529221124,20.03884380049522,515,0,85
9,partial_observe,Map 1,1,140.48247140879496,14.192510367484811,400,2,85
10,partial_observe,Map 1,0,248.07540793370296,25.738813098147947,285,2,85
1,partial_observe,Map 2,1,189.50437407615863,20.611358485233715,165,1,70
2,partial_observe,Map 2,1,180.48224856510228,20.591056690094938,85,3,85
3,partial_observe,Map 2,1,222.50561004378633,20.109598377730915,100,2,85
4,partial_observe,Map 2,1,175.8875230258453,22.430653818195374,141,2,80
5,partial_observe,Map 2,1,145.84900012508854,24.225858028928755,257,2,80
6,partial_observe,Map 2,1,194.85925763254434,19.025814840427472,112,2,85
7,partial_observe,Map 2,0,255.380872704333,20.44977765267953,105,1,80
8,partial_observe,Map 2,1,252.65994846063296,8.043544987653629,16,2,75
9,partial_observe,Map 2,1,233.4551163394461,26.238297014927632,0,2,80
10,partial_observe,Map 2,1,196.09985330718882,14.839722127162393,42,2,75
1,partial_observe,Map 3,1,185.64711951033348,16.52507104280264,7,1,75
2,partial_observe,Map 3,1,143.28830177117007,10.304772475895199,7,2,70
3,partial_observe,Map 3,1,153.2459043936888,14.321937570888865,7,1,70
4,partial_observe,Map 3,1,129.62884192987903,13.713458011331026,7,1,70
5,partial_observe,Map 3,1,184.83959268238806,14.423515801996022,7,2,75
6,partial_observe,Map 3,1,120.09701523495141,16.11974568121904,7,2,80
7,partial_observe,Map 3,1,194.14815173503084,13.16292523544606,7,1,75
8,partial_observe,Map 3,1,152.06934079958302,15.40343533087698,7,1,75
9,partial_observe,Map 3,1,188.70614610025072,17.177330758618986,7,2,80
10,partial_observe,Map 3,1,147.45212069496964,20.71281080197112,7,2,85
1,partial_observe,Map 4,1,148.76392816266454,18.501914064248094,34,2,90
2,partial_observe,Map 4,1,208.2744966117573,11.859042504031404,0,3,95
3,partial_observe,Map 4,1,158.99628754207694,18.68661462098903,176,3,85
4,partial_observe,Map 4,1,201.93173295396534,23.858981060758136,219,1,85
5,partial_observe,Map 4,1,177.74456460209933,16.993664847184114,0,2,90
6,partial_observe,Map 4,1,216.31893121298748,5.486233183452926,0,2,85
7,partial_observe,Map 4,1,292.2050076488289,20.290649429664033,0,2,90
8,partial_observe,Map 4,1,277.62352174850776,2.9870547494656385,318,2,80
9,partial_observe,Map 4,1,314.76865422769805,12.494048435871495,0,2,85
10,partial_observe,Map 4,1,207.88398629614454,22.25338398766352,0,2,85
1,partial_observe,Map 5,0,732.0,79.61402630805969,18,2,85
1,partial_observe,Map 5,0,732.0,79.61402630805969,18,2,85
2,partial_observe,Map 5,0,732.0,79.61402630805969,18,2,85
3,partial_observe,Map 5,0,732.0,79.61402630805969,18,2,85
4,partial_observe,Map 5,0,732.0,79.61402630805969,18,2,85
5,partial_observe,Map 5,0,732.0,79.61402630805969,18,2,85
6,partial_observe,Map 5,0,732.0,79.61402630805969,18,2,85
7,partial_observe,Map 5,0,732.0,79.61402630805969,18,2,85
8,partial_observe,Map 5,0,732.0,79.61402630805969,18,2,85
9,partial_observe,Map 5,0,732.0,79.61402630805969,18,2,85
1,partial_observe,Map 6,1,154.442145590102,18.229701468018412,0,2,85
2,partial_observe,Map 6,1,130.4892987271267,10.920638892924696,71,1,80
3,partial_observe,Map 6,1,149.53259356555003,15.943562659610016,593,1,80
4,partial_observe,Map 6,0,167.6107448462451,15.052144098308295,0,2,80
5,partial_observe,Map 6,0,158.3090792218616,17.219377181223734,479,0,85
6,partial_observe,Map 6,1,141.26767407637462,14.006942926212313,750,2,85
7,partial_observe,Map 6,1,55.0256665618146,10.504864977408658,120,1,90
8,partial_observe,Map 6,1,163.5516363324173,13.868121795965129,300,0,85
9,partial_observe,Map 6,1,165.57601099906356,9.226331260944733,653,1,85
10,partial_observe,Map 6,0,149.49667318612518,13.310820244843132,0,2,85
1,partial_observe,Map 7,1,86.70394156308656,5.824457036822452,149,3,70
2,partial_observe,Map 7,1,156.23004179597342,8.125027980372929,113,0,70
3,partial_observe,Map 7,1,144.97619351966432,6.964770052008404,318,0,70
4,partial_observe,Map 7,1,136.0628500140982,14.647742750869705,146,1,70
5,partial_observe,Map 7,1,64.96984788320091,9.768758931253656,232,2,70
6,partial_observe,Map 7,1,120.67091458350868,7.705208937422862,248,3,70
7,partial_observe,Map 7,1,71.25012706315087,13.074519155426643,174,0,70
8,partial_observe,Map 7,1,92.35580146466273,6.894557468304027,243,1,70
9,partial_observe,Map 7,1,100.67981235373162,9.02901754220459,78,0,70
10,partial_observe,Map 7,0,114.27210837725016,10.426690119398653,0,0,70
1,partial_observe,Map 8,1,156.38280334903925,22.71157874174868,68,1,85
2,partial_observe,Map 8,1,127.80026388137317,12.971820059120585,97,0,85
3,partial_observe,Map 8,1,144.32610237336425,18.327012850840084,280,0,85
4,partial_observe,Map 8,1,266.07576973427314,22.978857788007094,0,0,90
5,partial_observe,Map 8,0,178.7363885422801,13.542482108936639,156,1,85
6,partial_observe,Map 8,1,149.7874343983779,19.94514299074532,0,1,85
7,partial_observe,Map 8,1,254.4667549758036,8.557967705835278,56,2,80
8,partial_observe,Map 8,1,196.96400934088553,25.78423709835885,133,0,90
9,partial_observe,Map 8,1,105.60913436261977,30.935125243990406,45,2,80
10,partial_observe,Map 8,0,268.7334086556026,28.187245614733627,0,1,90
1,partial_observe,Map 9,1,149.29732879730463,12.144627070115435,273,1,85
2,partial_observe,Map 9,1,115.96579873659533,8.20635211821697,124,1,80
3,partial_observe,Map 9,1,153.1010085827367,12.748430559609098,0,3,80
4,partial_observe,Map 9,1,197.09000814553107,15.199512909591153,8,2,90
5,partial_observe,Map 9,1,125.25539621736812,19.387964375596177,0,1,85
6,partial_observe,Map 9,1,151.70304988920486,17.829166460152358,0,0,85
7,partial_observe,Map 9,1,171.08663516144279,11.712102327273548,246,1,90
8,partial_observe,Map 9,1,140.23823374999577,15.594146636956012,91,0,85
9,partial_observe,Map 9,1,101.67431660938979,15.03118851954922,431,3,80
10,partial_observe,Map 9,1,117.57395174399316,17.826154026474384,144,2,90
1,Q Learning,Map 1,1,209.62327730968622,17.51820938959098,179,3,90
2,Q Learning,Map 1,1,138.24256792851554,25.6853125783632,158,2,90
3,Q Learning,Map 1,1,217.32014989866659,20.204967036925424,117,1,90
4,Q Learning,Map 1,1,180.82902830959182,18.11375948267231,272,2,90
5,Q Learning,Map 1,1,163.35695463192482,4.691044419628872,393,2,90
6,Q Learning,Map 1,1,212.23426228015376,8.134956229265713,0,2,90
7,Q Learning,Map 1,1,54.19666125084292,20.718760265473968,293,2,90
8,Q Learning,Map 1,1,189.75102277864772,12.589665785661918,8,2,90
9,Q Learning,Map 1,1,213.10457475919986,20.150906995937476,868,2,90
10,Q Learning,Map 1,1,167.2237007137032,10.383806621770365,345,2,90
1,Q Learning,Map 2,1,195.0,19.50903964042664,220,3,85
1,Q Learning,Map 2,1,195.0,19.50903964042664,220,3,85
2,Q Learning,Map 2,1,195.0,19.50903964042664,220,3,85
3,Q Learning,Map 2,1,195.0,19.50903964042664,220,3,85
4,Q Learning,Map 2,1,195.0,19.50903964042664,220,3,85
5,Q Learning,Map 2,1,195.0,19.50903964042664,220,3,85
6,Q Learning,Map 2,1,195.0,19.50903964042664,220,3,85
7,Q Learning,Map 2,1,195.0,19.50903964042664,220,3,85
8,Q Learning,Map 2,1,195.0,19.50903964042664,220,3,85
9,Q Learning,Map 2,1,195.0,19.50903964042664,220,3,85
1,Q Learning,Map 3,1,130.3074842143069,12.100931414386821,10,2,70
2,Q Learning,Map 3,1,167.96880884618722,15.595785733351278,10,1,75
3,Q Learning,Map 3,1,191.58287716508107,12.515528325534348,10,0,90
4,Q Learning,Map 3,1,175.57913273799707,17.854862780168258,10,4,75
5,Q Learning,Map 3,1,135.45599908616387,22.09319307129844,10,2,75
6,Q Learning,Map 3,1,159.61042047711973,12.733484984029486,10,2,85
7,Q Learning,Map 3,1,234.65880155826318,11.827203109127842,10,0,80
8,Q Learning,Map 3,1,225.98415901691664,10.781087164035553,10,2,90
9,Q Learning,Map 3,1,176.39453978357093,14.817072967299522,10,1,75
10,Q Learning,Map 3,1,166.32741746946485,16.45442828445086,10,1,75
1,Q Learning,Map 4,1,187.84027382500477,23.516619282158576,141,1,90
2,Q Learning,Map 4,1,63.995646726229154,18.24303251654654,453,2,95
3,Q Learning,Map 4,1,174.80702938180707,12.337116429206976,503,2,90
4,Q Learning,Map 4,1,101.20104529627311,11.793050547136993,0,2,95
5,Q Learning,Map 4,1,225.82190303681824,7.329223991912748,246,3,90
6,Q Learning,Map 4,1,86.12089959328594,7.668329856713838,335,2,90
7,Q Learning,Map 4,1,128.52699625455884,19.15618412720831,358,1,90
8,Q Learning,Map 4,0,238.82877643447654,14.845403098047102,298,2,95
9,Q Learning,Map 4,1,144.13330011940712,14.687494306590542,44,2,90
10,Q Learning,Map 4,1,162.7435106259947,20.608026572424915,0,2,100
1,Q Learning,Map 5,1,142.46522001672798,18.02798660825774,0,1,80
2,Q Learning,Map 5,1,140.27349158884758,17.956938991197404,605,0,80
3,Q Learning,Map 5,0,169.85134020766398,14.659775848604088,184,0,85
4,Q Learning,Map 5,1,176.80830147964252,12.102276127873914,314,2,75
5,Q Learning,Map 5,1,78.2404567603872,17.727726563512185,621,1,80
6,Q Learning,Map 5,1,143.1368139476474,15.114386715584265,442,1,80
7,Q Learning,Map 5,1,120.52206512772679,21.02432003926218,280,3,80
8,Q Learning,Map 5,1,161.78232889199228,15.168446315468428,293,1,80
9,Q Learning,Map 5,0,181.79987976183628,12.751096447731564,311,1,80
10,Q Learning,Map 5,1,107.64623492706684,16.02815153057043,139,2,80
1,Q Learning,Map 6,1,157.8139612588623,18.12891572300343,569,3,80
2,Q Learning,Map 6,0,74.17813522038021,14.975944570103662,268,1,85
3,Q Learning,Map 6,1,159.5252773037863,10.529936004841211,694,3,85
4,Q Learning,Map 6,0,139.40676748935024,18.21965447994945,665,1,90
5,Q Learning,Map 6,1,109.28108952662421,14.689461759980478,646,1,85
6,Q Learning,Map 6,1,104.47487151814929,13.133564464865009,108,2,90
7,Q Learning,Map 6,0,242.62715293787284,14.953471808391892,898,0,85
8,Q Learning,Map 6,1,141.72015256696153,11.509981357082559,131,0,100
9,Q Learning,Map 6,1,147.12955343203961,19.510226363178997,506,0,95
10,Q Learning,Map 6,0,157.10788535906005,14.97037079417801,195,0,80
1,Q Learning,Map 7,1,84.95945596256537,10.37668606302745,61,0,75
2,Q Learning,Map 7,1,48.59086688101719,9.229471316557124,83,1,75
3,Q Learning,Map 7,1,76.0216644978348,10.303994680684466,94,2,75
4,Q Learning,Map 7,1,103.61615691316895,0.8865184277573999,47,0,75
5,Q Learning,Map 7,1,127.93340533440818,9.048914886384459,0,1,75
6,Q Learning,Map 7,1,51.72343400311499,6.358460910686457,202,0,75
7,Q Learning,Map 7,0,99.03041084870681,12.892088329064785,234,1,75
8,Q Learning,Map 7,1,62.61267783911074,9.330791147614592,187,0,75
9,Q Learning,Map 7,1,114.955760439622,7.717297985000947,112,0,75
10,Q Learning,Map 7,1,128.47135873287814,11.271608272861622,48,2,75
1,Q Learning,Map 8,1,117.76998621323463,22.3967557390734,184,1,85
2,Q Learning,Map 8,1,275.1288466433915,16.177357111123982,110,2,95
3,Q Learning,Map 8,1,198.54361394132002,23.599406822114183,74,0,85
4,Q Learning,Map 8,1,268.4207025793388,20.82415237590955,218,3,90
5,Q Learning,Map 8,1,252.02871331112001,25.377908118145747,0,0,85
6,Q Learning,Map 8,0,201.05918822621905,18.244641838129926,440,4,80
7,Q Learning,Map 8,1,177.39158725788639,19.764941964839306,52,0,85
8,Q Learning,Map 8,1,199.0124113872351,19.286533669680043,131,1,90
9,Q Learning,Map 8,1,127.19447486403146,26.25102725288275,343,1,80
10,Q Learning,Map 8,1,234.73185640202462,12.890226908187694,388,3,90
1,Q Learning,Map 9,1,141.62213965107364,13.625146559427447,71,3,85
2,Q Learning,Map 9,1,157.62733427770917,12.92202348032017,149,1,90
3,Q Learning,Map 9,1,97.26770613611363,16.993295365003938,346,1,85
4,Q Learning,Map 9,1,114.63653968062559,12.815848450287675,54,0,90
5,Q Learning,Map 9,1,122.5547895491745,14.541696165213857,165,3,90
6,Q Learning,Map 9,1,137.62461918792303,17.072384565832632,362,2,85
7,Q Learning,Map 9,1,132.65724844792877,13.444242359401555,51,0,90
8,Q Learning,Map 9,0,136.24742056804246,10.282154909650998,210,3,85
9,Q Learning,Map 9,1,129.22213535545353,14.839785045882904,0,2,85
10,Q Learning,Map 9,0,122.71535934606293,8.78122171376727,0,2,90
1,Beam Search,Map 6,1,99,9.779760360717773,3,1,100
2,Beam Search,Map 6,1,99,9.950904607772827,3,1,100
3,Beam Search,Map 6,0,129,12.987096548080444,536,2,100
4,Beam Search,Map 6,0,153,15.422630071640015,536,2,100
5,Beam Search,Map 6,0,137,13.789787769317627,536,2,100
1,Beam Search,Map 7,1,72,7.061660528182983,4,1,100
2,Beam Search,Map 7,1,162,16.29409909248352,4,3,100
3,Beam Search,Map 7,1,72,7.245535135269165,4,1,100
4,Beam Search,Map 7,1,162,16.288475513458252,4,3,100
5,Beam Search,Map 7,1,72,7.23109245300293,4,1,100
1,Beam Search,Map 8,1,20,81.89741802215576,3,0,100
1,Beam Search,Map 9,1,291,29.083946704864502,4,3,100
1,Beam Search,Map 8,1,60,5.853948354721069,3,0,100
1,partial_observe,Map 4,0,36,5.1390650272369385,15,0,100
1,Q Learning,Map 1,1,66,6.545081377029419,0,1,100
1,Q Learning,Map 2,1,193,19.32689380645752,0,3,85
1,Q Learning,Map 1,1,146,14.567227125167847,0,3,95
1,Q Learning,Map 1,1,120,11.919994592666626,0,2,100
1,Q Learning,Map 1,1,84,8.298344135284424,0,1,100
1,Q Learning,Map 1,1,66,6.492557525634766,0,1,100
1,Q Learning,Map 1,1,70,6.877527713775635,0,1,100
1,Q Learning,Map 1,1,66,6.490260362625122,0,1,100
1,Q Learning,Map 1,1,66,6.483710527420044,0,1,100
1,Q Learning,Map 1,0,66,6.479895114898682,0,1,100
1,Q Learning,Map 1,0,176,17.56376361846924,0,3,95
1,Q Learning,Map 1,1,76,7.49410343170166,42,1,100
1,Q Learning,Map 1,1,76,7.483625411987305,0,1,100
1,Q Learning,Map 1,1,152,15.15384030342102,0,3,95
1,Q Learning,Map 1,0,122,12.131150722503662,192,2,100
1,Q Learning,Map 1,1,66,6.483007192611694,0,1,100
1,Q Learning,Map 1,1,66,6.493494987487793,0,1,100
1,Q Learning,Map 1,1,148,14.727108716964722,0,3,95
1,Q Learning,Map 1,1,74,7.2968645095825195,0,1,100
1,Q Learning,Map 4,1,169,16.84607243537903,236,3,100
1,Q Learning,Map 4,1,141,14.03653359413147,253,2,100
1,Q Learning,Map 2,1,43,4.163633584976196,0,0,100
1,Q Learning,Map 2,1,39,3.7738213539123535,0,0,95
1,Q Learning,Map 2,1,99,9.795118570327759,0,0,95
1,Q Learning,Map 3,1,86,8.582950353622437,0,1,100
1,Q Learning,Map 3,1,78,7.689874172210693,0,2,95
1,Q Learning,Map 3,1,56,5.496198415756226,0,0,90
1,Q Learning,Map 3,1,82,8.099839448928833,0,1,100
1,Q Learning,Map 3,1,84,8.310064554214478,0,2,95
1,Q Learning,Map 4,1,149,14.843228578567505,78,2,100
1,Q Learning,Map 4,1,149,14.821768283843994,0,2,100
1,Q Learning,Map 4,1,103,10.213213443756104,36,2,100
1,Q Learning,Map 4,0,108,10.721307516098022,0,0,100
1,Q Learning,Map 4,1,183,18.257227659225464,0,3,95
1,Q Learning,Map 4,0,173,17.254677534103394,177,2,100
1,Q Learning,Map 5,1,106,10.542262077331543,0,1,90
1,Q Learning,Map 5,0,176,17.582727432250977,147,2,90
1,Q Learning,Map 5,1,110,10.929450035095215,0,1,90
1,Q Learning,Map 5,0,112,11.12934422492981,0,1,90
1,Q Learning,Map 5,1,216,21.56976318359375,0,0,95
1,Q Learning,Map 6,1,199,19.882371425628662,0,3,90
1,Q Learning,Map 6,0,105,10.425440788269043,129,1,100
1,Q Learning,Map 6,0,92,9.123128175735474,155,1,100
1,Q Learning,Map 7,0,135,13.534316301345825,289,3,85
1,Q Learning,Map 7,1,404,41.90446090698242,270,0,100
1,Q Learning,Map 7,0,530,53.5547878742218,161,0,100
1,Q Learning,Map 7,0,162,16.156909227371216,125,0,100
1,Q Learning,Map 7,1,84,8.29315710067749,10,1,80
1,Q Learning,Map 7,1,126,12.537050724029541,0,0,95
1,Q Learning,Map 7,1,104,10.331461668014526,0,2,85
1,Q Learning,Map 7,1,114,11.316500425338745,0,2,85
1,Q Learning,Map 7,1,76,7.620838642120361,0,1,85
1,Q Learning,Map 7,1,96,9.520781517028809,0,1,85
1,Q Learning,Map 7,1,338,34.26884698867798,0,0,100
1,Q Learning,Map 7,1,74,7.30483078956604,0,1,90
1,Q Learning,Map 7,1,72,7.118826866149902,0,1,85
1,Q Learning,Map 7,1,68,6.710727214813232,0,1,90
1,Q Learning,Map 7,1,158,15.736854314804077,0,3,85
1,Q Learning,Map 7,0,74,7.301181793212891,0,1,90
1,Q Learning,Map 7,1,74,7.310043573379517,0,1,85
1,Q Learning,Map 8,0,192,19.195716381072998,126,2,90
1,Q Learning,Map 8,1,82,8.281817197799683,0,0,100
1,Q Learning,Map 8,1,94,9.333758115768433,0,0,100
1,Q Learning,Map 8,0,203,21.346057891845703,113,0,95
1,Q Learning,Map 8,0,188,18.76374125480652,150,2,90
1,Q Learning,Map 8,0,150,14.945326805114746,146,2,90
1,Q Learning,Map 8,1,78,7.707785606384277,0,0,100
1,Q Learning,Map 8,1,548,54.965060234069824,0,0,100
1,Q Learning,Map 8,1,76,7.5160768032073975,0,0,100
1,Q Learning,Map 8,0,170,16.952462196350098,122,0,90
1,Q Learning,Map 8,0,174,17.36411428451538,200,2,95
1,Q Learning,Map 9,1,123,12.26719331741333,0,2,90
1,Q Learning,Map 9,1,163,16.25010848045349,85,3,90
1,Q Learning,Map 9,1,203,20.27906584739685,207,0,100
1,Q Learning,Map 9,1,87,8.59380292892456,141,0,100
